leave_type_code,emp_code,emp_name,dates,reason,approval_status,approved_by,approved_on
OPTIONAL_HOLIDAY_1,SIL-0356,Ravali Narla,2019-03-21,holiday,APPROVED,,
OPTIONAL_HOLIDAY_1,SIL-0176,Hemanth Kumar Emmadi,2019-03-21,Holiday,APPROVED,,
OPTIONAL_HOLIDAY_1,SIL-0580,Vanga Sowmya,2019-03-21,its an optional holiday,APPROVED,,
OPTIONAL_HOLIDAY_1,SIL-0177,Harika Gaddam,2019-03-21,Holi,APPROVED,,
OPTIONAL_HOLIDAY_1,SIL-0415,PandurangaVittal. M,2019-03-21,Availed Optional Holiday,APPROVED,,
OPTIONAL_HOLIDAY_1,SIL-0547,Venkat Rao Muttineni,2019-03-21,Optional Holiday,APPROVED,,
OPTIONAL_HOLIDAY_1,SIL-0370,Venkayya Chowdary Mulpuri,2019-03-21,Optional Holiday,APPROVED,,
OPTIONAL_HOLIDAY_1,SIL-0159,Vishwanth Reddy Gunna,2019-04-19,out of station,APPROVED,,
OPTIONAL_HOLIDAY_1,SIL-0542,Sujith Kumar Dasari,2019-04-19,Went to church,APPROVED,,
OPTIONAL_HOLIDAY_1,SIL-0584,Sattineni Padma Sireesha,2019-04-19,Good Friday,APPROVED,,
OPTIONAL_HOLIDAY_1,SIL-0425,Bikshapathi Kumbala,2019-04-19,Optional Holiday,APPROVED,,
OPTIONAL_HOLIDAY_1,SIL-0325,Sateesh Reddy Charlakola,2019-04-19,Optional Holiday,APPROVED,,
OPTIONAL_HOLIDAY_1,SIL-0576,Gajamsetty Lakshmi Manasa,2019-04-19,Good Friday,APPROVED,,
OPTIONAL_HOLIDAY_1,SIL-0403,Madhuri Chiluka,2019-04-19,Optional Holiday,APPROVED,,
OPTIONAL_HOLIDAY_1,SIL-0338,Vijaya Shanti Sunitha Devi Veernapu,2019-04-19,Fr the Occasion of Good Friday,APPROVED,,
OPTIONAL_HOLIDAY_1,SIL-0401,Santosh Kumar Sriramoju,2019-04-19,Optional Holiday,APPROVED,,
OPTIONAL_HOLIDAY_1,SIL-0534,Nisha Nair,2019-04-19,Optional Holiday,APPROVED,,
OPTIONAL_HOLIDAY_1,SIL-0042,Murali Enaganti,2019-04-19,Goting to Home Town,APPROVED,,
OPTIONAL_HOLIDAY_1,SIL-0166,Chandra Sekhar Chinnam,2019-04-19,Optional Holiday,APPROVED,,
OPTIONAL_HOLIDAY_1,SIL-0479,Harinandan Katam,2019-04-19,Good Friday,APPROVED,,
OPTIONAL_HOLIDAY_1,SIL-0149,Aftab Khan,2019-04-19,Good Friday,APPROVED,,
OPTIONAL_HOLIDAY_1,SIL-0172,Manjit Reddy Toodi,2019-04-19,Optional Holiday,APPROVED,,
OPTIONAL_HOLIDAY_1,SIL-0572,Rangarao Mulluri,2019-04-19,Going to home town,CANCELLED,,
OPTIONAL_HOLIDAY_1,SIL-0577,Mummadi Madhuri,2019-04-19,casual leave,APPROVED,,
OPTIONAL_HOLIDAY_1,SIL-0496,Harish Reddy Mandapati,2019-04-19,Typhoid feaver,APPROVED,,
OPTIONAL_HOLIDAY_1,SIL-0368,Addanki Tirumala Sravani,2019-04-19,Optional holiday,APPROVED,,
OPTIONAL_HOLIDAY_1,SIL-0019,Venkata Madhava Rao Jinakala,2019-04-19,Optional Holiday,APPROVED,,
OPTIONAL_HOLIDAY_1,SIL-0611,Srujan Kumar kokala,2019-04-19,Good Friday,APPROVED,,
OPTIONAL_HOLIDAY_1,SIL-0279,Barat kumar Thumma,2019-04-19,Optional,APPROVED,,
OPTIONAL_HOLIDAY_1,SIL-0246,Durga Prasad Batchu,2019-04-19,OH,APPROVED,,
OPTIONAL_HOLIDAY_1,SIL-0586,Kiran Kumar Mandava,2019-04-19,optional,APPROVED,,
OPTIONAL_HOLIDAY_1,SIL-0154,Pentaparthy Venugopal Reddy,2019-04-19,optional holiday,APPROVED,,
OPTIONAL_HOLIDAY_1,SIL-0587,Raghuram Vulli,2019-04-19,Optional holiday,APPROVED,,
OPTIONAL_HOLIDAY_1,SIL-0145,Satyanarayana Nalamati,2019-04-19,Optional Holiday,APPROVED,,
OPTIONAL_HOLIDAY_1,SIL-0610,Andra Guru Brahmaiah,2019-04-19,I took optional holiday,APPROVED,,
OPTIONAL_HOLIDAY_1,SIL-0399,Mayuri Ameya Pitale,2019-04-19,Out of town,APPROVED,,
OPTIONAL_HOLIDAY_1,SIL-C-5053,Mandakini Nayak,2019-04-19,Good Friday,APPROVED,,
OPTIONAL_HOLIDAY_1,SIL-0347,Radhika Vemanedi,2019-04-19,Optional Holiday,APPROVED,,
OPTIONAL_HOLIDAY_1,SIL-0261,Suresh Babu Bhupathi,2019-04-19,Optional Holiday,APPROVED,,
OPTIONAL_HOLIDAY_1,SIL-0409,Lavanya Rathnam,2019-04-19,Optional Holiday,APPROVED,,
OPTIONAL_HOLIDAY_1,SIL-0297,Vijay Kumar Villuri,2019-04-19,Optional Holiday,APPROVED,,
OPTIONAL_HOLIDAY_1,SIL-0582,Polipalli Malavya,2019-04-19,optional holiday,APPROVED,,
OPTIONAL_HOLIDAY_1,SIL-0588,Sirnapally Nithisha,2019-04-19,Good Friday,APPROVED,,
OPTIONAL_HOLIDAY_1,SIL-0155,Nitin Reddy Tadasina,2019-04-19,Optional Holiday,APPROVED,,
OPTIONAL_HOLIDAY_1,SIL-0243,Srinivas Vinukonda,2019-04-19,Optional Holiday,APPROVED,,
OPTIONAL_HOLIDAY_1,SIL-0575,Vinay Kumar Adi,2019-04-19,optional holiday,APPROVED,,
OPTIONAL_HOLIDAY_1,SIL-0398,Ananda Kumar Koppisetti,2019-04-19,Going to home,APPROVED,,
OPTIONAL_HOLIDAY_1,SIL-0614,Sathish Aradhya,2019-04-19,Good Friday,APPROVED,,
OPTIONAL_HOLIDAY_1,SIL-0606,Srinivasa Rao Bolisetti,2019-04-19,Taken optional holiday.,APPROVED,,
OPTIONAL_HOLIDAY_1,SIL-0219,Satish Jindham,2019-04-19,Good Friday,APPROVED,,
OPTIONAL_HOLIDAY_1,SIL-0364,Veeresh Vadlamani,2019-04-19,Good Friday,APPROVED,,
OPTIONAL_HOLIDAY_1,SIL-0008,Prabhakar Kolluru,2019-04-19,Personal,APPROVED,,
OPTIONAL_HOLIDAY_1,SIL-C-5052,Venkata Shravya Bhuvanagiri,2019-04-19,Optional holiday,APPROVED,,
OPTIONAL_HOLIDAY_1,SIL-0296,Venkata Swarna Deevi,2019-04-19,Personal,APPROVED,,
OPTIONAL_HOLIDAY_1,SIL-0578,Maggidi Mounika,2019-04-19,optional holiday,APPROVED,,
OPTIONAL_HOLIDAY_1,SIL-0607,Sri Sai Allam,2019-04-19,I had taken Optional Holiday,APPROVED,,
OPTIONAL_HOLIDAY_1,SIL-0295,Shravan Kumar Chittem,2019-04-19,Optional Holiday,APPROVED,,
OPTIONAL_HOLIDAY_1,SIL-0471,Sravanthi Bijjam,2019-04-19,Went to native place,APPROVED,,
OPTIONAL_HOLIDAY_1,SIL-0351,Harisha Muthyala,2019-04-19,Optional Holiday,APPROVED,,
OPTIONAL_HOLIDAY_1,SIL-0589,Jonnala Sushma,2019-04-19,Good Friday,APPROVED,,
OPTIONAL_HOLIDAY_1,SIL-0127,Naresh Kumar Palarapu,2019-04-19,Optional Holiday,APPROVED,,
OPTIONAL_HOLIDAY_1,SIL-0574,Latika Sunil Raut,2019-04-19,Good Friday,APPROVED,,
OPTIONAL_HOLIDAY_1,SIL-0567,Ayesha Sultana Kareem Mohammad,2019-06-05,Eid-Festival,APPROVED,,
OPTIONAL_HOLIDAY_1,SIL-0581,Purnabasi Reddy Kulei,2019-06-05,domestic work,APPROVED,,
OPTIONAL_HOLIDAY_1,SIL-0153,Gangapuram Revanthreddy,2019-06-05,going to village,APPROVED,,
OPTIONAL_HOLIDAY_1,SIL-0342,Pavan Kumar Vadde,2019-06-05,Holiday,APPROVED,,
OPTIONAL_HOLIDAY_1,SIL-0594,Bonda Ramudu,2019-06-05,holiday optional,APPROVED,,
OPTIONAL_HOLIDAY_1,SIL-0429,Aravind Reddy Godala,2019-06-05,Utilizing Optional Holiday,APPROVED,,
OPTIONAL_HOLIDAY_1,SIL-0555,Daggubati Naga Venkata Teja,2019-06-05,personal,APPROVED,,
OPTIONAL_HOLIDAY_1,SIL-0594,Bonda Ramudu,2019-06-05,Optional Holiday,APPROVED,,
OPTIONAL_HOLIDAY_1,SIL-0585,Dara Sudheer Kumar,2019-06-05,optional holiday,APPROVED,,
OPTIONAL_HOLIDAY_1,SIL-0369,Dharma Teja Kanneganti,2019-06-05,Optional Holiday,APPROVED,,
OPTIONAL_HOLIDAY_1,SIL-0583,Nadendla Anjali Kumari,2019-06-05,Attending family function,APPROVED,,
OPTIONAL_HOLIDAY_1,SIL-0173,Kismath Banu Shaik,2019-06-05,RAMZAN,APPROVED,,
OPTIONAL_HOLIDAY_1,SIL-0552,Badraj Angirekula,2019-06-05,optional Holiday,APPROVED,,
OPTIONAL_HOLIDAY_1,SIL-0151,Rahul Boosani,2020-01-14,Optional Holiday,APPROVED,,
OPTIONAL_HOLIDAY_1,SIL-0567,Ayesha Sultana Kareem Mohammad,2020-01-14,Medical issue,APPROVED,,
OPTIONAL_HOLIDAY_1,SIL-0577,Mummadi Madhuri,2020-01-14,optional holiday,APPROVED,,
OPTIONAL_HOLIDAY_1,SIL-0635,Rajat Pasrija,2020-01-14,Lohri festival,APPROVED,,
OPTIONAL_HOLIDAY_1,SIL-0145,Satyanarayana Nalamati,2020-01-14,Sankranthi Holiday,APPROVED,,
OPTIONAL_HOLIDAY_1,SIL-0580,Vanga Sowmya,2020-01-14,optional holiday,APPROVED,,
OPTIONAL_HOLIDAY_1,SIL-0351,Harisha Muthyala,2020-01-14,Festival,APPROVED,,
OPTIONAL_HOLIDAY_1,SIL-0589,Jonnala Sushma,2020-01-14,optional holiday,APPROVED,,
OPTIONAL_HOLIDAY_1,SIL-0008,Prabhakar Kolluru,2020-01-14,went to hometown,APPROVED,,
OPTIONAL_HOLIDAY_1,SIL-0127,Naresh Kumar Palarapu,2020-01-14,Used Optional Holiday,APPROVED,,
OPTIONAL_HOLIDAY_1,SIL-0154,Pentaparthy Venugopal Reddy,2020-01-14,festival,APPROVED,,
OPTIONAL_HOLIDAY_1,SIL-0166,Chandra Sekhar Chinnam,2020-01-14,Personal work,APPROVED,,
OPTIONAL_HOLIDAY_1,SIL-0555,Daggubati Naga Venkata Teja,2020-01-14,Personal,APPROVED,,
OPTIONAL_HOLIDAY_1,SIL-0397,Davud Khan Dudekula,2020-01-14,festival vacation.,APPROVED,,
OPTIONAL_HOLIDAY_1,SIL-0363,Sai Baba Bugga,2020-01-14,Optional Holiday,APPROVED,,
OPTIONAL_HOLIDAY_1,SIL-0581,Purnabasi Reddy Kulei,2020-01-14,went to hometown,APPROVED,,
OPTIONAL_HOLIDAY_1,SIL-0153,Gangapuram Revanthreddy,2020-01-14,festival,APPROVED,,
OPTIONAL_HOLIDAY_1,SIL-0155,Nitin Reddy Tadasina,2020-01-14,optional holiday,APPROVED,,
OPTIONAL_HOLIDAY_1,SIL-0599,Naga venkata sethu pavani Myneni,2020-01-14,festival,APPROVED,,
OPTIONAL_HOLIDAY_1,SIL-0584,Sattineni Padma Sireesha,2020-01-14,bhogi,APPROVED,,
OPTIONAL_HOLIDAY_1,SIL-0576,Gajamsetty Lakshmi Manasa,2020-01-14,Optional Holiday (Bhogi),APPROVED,,
OPTIONAL_HOLIDAY_1,SIL-0630,Prasanth Vangavolu,2020-01-14,Heading Home,APPROVED,,
OPTIONAL_HOLIDAY_1,SIL-0347,Radhika Vemanedi,2020-01-14,Went to Home town,APPROVED,,
OPTIONAL_HOLIDAY_1,SIL-0552,Badraj Angirekula,2020-01-14,Going to home,APPROVED,,
OPTIONAL_HOLIDAY_1,SIL-0606,Srinivasa Rao Bolisetti,2020-01-14,Went to home town.,APPROVED,,
OPTIONAL_HOLIDAY_1,SIL-0616,Sankarsan Biswas,2020-01-14,family commitment,APPROVED,,
OPTIONAL_HOLIDAY_1,SIL-0574,Latika Sunil Raut,2020-01-14,Going to home town,APPROVED,,
OPTIONAL_HOLIDAY_1,SIL-0575,Vinay Kumar Adi,2020-01-14,optional holiday,APPROVED,,
OPTIONAL_HOLIDAY_1,SIL-0588,Sirnapally Nithisha,2020-01-14,Going to home-town,APPROVED,,
OPTIONAL_HOLIDAY_1,SIL-0524,Moutusi Ghosh,2020-01-14,Optional holiday,APPROVED,,
OPTIONAL_HOLIDAY_1,SIL-0585,Dara Sudheer Kumar,2020-01-14,going hometown,APPROVED,,
OPTIONAL_HOLIDAY_1,SIL-0042,Murali Enaganti,2020-01-14,"Going To Home Town, Festival",APPROVED,,
OPTIONAL_HOLIDAY_1,SIL-0172,Manjit Reddy Toodi,2020-01-14,Going to My hometown.,APPROVED,,
OPTIONAL_HOLIDAY_1,SIL-0243,Srinivas Vinukonda,2020-01-14,Going to hometown,APPROVED,,
OPTIONAL_HOLIDAY_1,SIL-0159,Vishwanth Reddy Gunna,2020-01-14,out of station,APPROVED,,
OPTIONAL_HOLIDAY_1,SIL-0325,Sateesh Reddy Charlakola,2020-01-14,Optional Holiday,APPROVED,,
OPTIONAL_HOLIDAY_1,SIL-0279,Barat kumar Thumma,2020-01-14,Bhogi,APPROVED,,
OPTIONAL_HOLIDAY_1,SIL-0629,Punith Manupati,2020-01-14,Optional holiday request,APPROVED,,
OPTIONAL_HOLIDAY_1,SIL-0297,Vijay Kumar Villuri,2020-01-14,Optional Holiday Utilized,APPROVED,,
OPTIONAL_HOLIDAY_1,SIL-0364,Veeresh Vadlamani,2020-01-14,Taken optional holiday.,APPROVED,,
OPTIONAL_HOLIDAY_1,SIL-0219,Satish Jindham,2020-01-14,Optional Holiday,APPROVED,,
OPTIONAL_HOLIDAY_1,SIL-0398,Ananda Kumar Koppisetti,2020-01-14,Optional Holiday,APPROVED,,
OPTIONAL_HOLIDAY_1,SIL-0623,Dronamraju Sirisha,2020-01-14,Optional Holiday,APPROVED,,
OPTIONAL_HOLIDAY_1,SIL-0368,Addanki Tirumala Sravani,2020-01-14,Optional Holiday,APPROVED,,
OPTIONAL_HOLIDAY_1,SIL-0356,Ravali Narla,2020-01-14,optional holiday,APPROVED,,
OPTIONAL_HOLIDAY_1,SIL-0437,Venkatram Veerareddy,2020-01-14,personal work,APPROVED,,
OPTIONAL_HOLIDAY_1,SIL-0633,Sagar Beesu,2020-01-14,Optional Holiday,APPROVED,,
OFFICIAL_WORK,SIL-0626,Shilpa Thakur,2020-02-20,To Attend the Woman Conclave,APPROVED,,
OFFICIAL_WORK,SIL-0599,Naga venkata sethu pavani Myneni,2020-02-20,Women Conclave,APPROVED,,
OFFICIAL_WORK,SIL-0639,Manasa Rapalli,2020-02-20,Going to Women Conclave,APPROVED,,
OFFICIAL_WORK,SIL-0414,Aliva Panda,2020-02-20,Attending Women conclave,APPROVED,,
OPTIONAL_HOLIDAY_1,SIL-0620,Gowtham Myneni,2020-04-10,Good Friday,CANCELLED,,
OPTIONAL_HOLIDAY_1,SIL-0626,Shilpa Thakur,2020-05-25,Optional Holiday,APPROVED,,
OPTIONAL_HOLIDAY_1,SIL-0600,Khushboo Jha,2020-05-25,Appointment with Doc,APPROVED,,
OPTIONAL_HOLIDAY_1,SIL-0144,Sharanya Thineti,2020-05-25,Ramzan,APPROVED,,
OPTIONAL_HOLIDAY_1,SIL-0414,Aliva Panda,2020-05-25,ramzan,APPROVED,,
WEEKLY_OFF,SIL-0626,Shilpa Thakur,2020-07-27,Test,REJECTED,,
OFFICIAL_WORK,SIL-0257,Prashanth Reddy Mandala,2020-08-17,personal work,CANCELLED,,
OFFICIAL_WORK,SIL-0561,Nag Arvind Gudiseva,2021-01-29,Sagarsoft Office : Payroll,APPROVED,,
OPTIONAL_HOLIDAY_1,SIL-0620,Gowtham Myneni,2021-03-29,Fever.,APPROVED,,
OPTIONAL_HOLIDAY_1,SIL-0606,Srinivasa Rao Bolisetti,2021-03-29,Taken Optional holiday,APPROVED,,
OPTIONAL_HOLIDAY_1,SIL-0325,Sateesh Reddy Charlakola,2021-03-29,Optional Holiday,APPROVED,,
OPTIONAL_HOLIDAY_1,SIL-0144,Sharanya Thineti,2021-03-29,Personal Work,REJECTED,,
OPTIONAL_HOLIDAY_1,SIL-0414,Aliva Panda,2021-03-29,holi,CANCELLED,,
OPTIONAL_HOLIDAY_1,SIL-0635,Rajat Pasrija,2021-04-02,Optional holiday,APPROVED,,
OPTIONAL_HOLIDAY_1,SIL-0552,Badraj Angirekula,2021-04-02,personal work,APPROVED,,
OPTIONAL_HOLIDAY_1,SIL-0584,Sattineni Padma Sireesha,2021-04-02,Good friday,APPROVED,,
OPTIONAL_HOLIDAY_1,SIL-0577,Mummadi Madhuri,2021-04-02,Optional Holiday,APPROVED,,
OPTIONAL_HOLIDAY_1,SIL-0674,Mastan Moka,2021-04-02,Festival,APPROVED,,
OPTIONAL_HOLIDAY_1,SIL-0621,Khader Ali Khan,2021-04-02,Good Friday,APPROVED,,
OPTIONAL_HOLIDAY_1,SIL-0574,Latika Sunil Raut,2021-04-02,Good Friday,APPROVED,,
OPTIONAL_HOLIDAY_1,SIL-0159,Vishwanth Reddy Gunna,2021-04-02,optional holiday,APPROVED,,
OPTIONAL_HOLIDAY_1,SIL-0414,Aliva Panda,2021-04-02,good friday,APPROVED,,
OPTIONAL_HOLIDAY_1,SIL-0176,Hemanth Kumar Emmadi,2021-07-21,Optional Holiday,APPROVED,,
OPTIONAL_HOLIDAY_1,SIL-0296,Venkata Swarna Deevi,2021-07-21,Holiday,APPROVED,,
OPTIONAL_HOLIDAY_1,SIL-0567,Ayesha Sultana Kareem Mohammad,2021-07-21,Bakr eid,APPROVED,,
OPTIONAL_HOLIDAY_1,SIL-0663,Mohammad Ahmad Zabi,2021-07-21,Bakrid,APPROVED,,
OPTIONAL_HOLIDAY_1,SIL-0678,Vikas Kumar Gattu,2021-07-21,Optional leave.,APPROVED,,
OPTIONAL_HOLIDAY_1,SIL-0704,Syed Ahmed Jeelani,2021-07-21,Bakrid,APPROVED,,
OPTIONAL_HOLIDAY_1,SIL-0347,Radhika Vemanedi,2021-07-21,Optional,APPROVED,,
OPTIONAL_HOLIDAY_1,SIL-0778,Sunder Sriram Dasu,2022-03-18,Leave,APPROVED,,
OPTIONAL_HOLIDAY_1,SIL-0176,Hemanth Kumar Emmadi,2022-03-18,Holi,APPROVED,,
OPTIONAL_HOLIDAY_1,SIL-0793,Sai Niranjan Bandla,2022-03-18,Optional Holiday,APPROVED,,
OPTIONAL_HOLIDAY_1,SIL-C-5077,Rajireddy Kesireddy,2022-03-18,occasion of Holi festival,APPROVED,,
OPTIONAL_HOLIDAY_1,SIL-0567,Ayesha Sultana Kareem Mohammad,2022-03-18,Personal reason,APPROVED,,
OPTIONAL_HOLIDAY_1,SIL-0769,Vardhani Reddy Mandala,2022-03-18,personal work,CANCELLED,,
OPTIONAL_HOLIDAY_1,SIL-0678,Vikas Kumar Gattu,2022-03-18,Opted - Optional Holiday Holi,APPROVED,,
OPTIONAL_HOLIDAY_1,SIL-0720,Sivasankar Reddy Nalamaru,2022-03-18,HOLI,APPROVED,,
OPTIONAL_HOLIDAY_1,SIL-0754,Pallavi Mallikarjun Naik,2022-03-18,Holi festival,APPROVED,,
OPTIONAL_HOLIDAY_1,SIL-0594,Bonda Ramudu,2022-03-18,Going to hometown,CANCELLED,,
OPTIONAL_HOLIDAY_1,SIL-0635,Rajat Pasrija,2022-03-18,Holi,APPROVED,,
OPTIONAL_HOLIDAY_1,SIL-0777,Udaykiran Edamakanti,2022-03-18,Optional Holiday,APPROVED,,
OPTIONAL_HOLIDAY_1,SIL-0786,Chandra Sekhar Mora,2022-03-18,To collect MBA marks memos,APPROVED,,
OPTIONAL_HOLIDAY_1,SIL-0716,Srikanth Aare,2022-03-18,Out of Station,APPROVED,,
OPTIONAL_HOLIDAY_1,SIL-0804,Venusree Addepalli,2022-03-18,Going to Home Town,APPROVED,,
OFFICIAL_WORK,SIL-0753,Mohd Abdul Jaffar,2022-04-05 to 2022-04-07,dfgfgfgf,CANCELLED,,
WEEKLY_OFF,SIL-C-5077,Rajireddy Kesireddy,2022-04-06 to 2022-04-08,Going Hometown due to personal,REJECTED,,
OPTIONAL_HOLIDAY_1,SIL-0534,Nisha Nair,2022-04-15,Optional Holiday,APPROVED,,
OPTIONAL_HOLIDAY_1,SIL-0648,Karthika Kaipu,2022-04-15,Good Friday,APPROVED,,
OPTIONAL_HOLIDAY_1,SIL-0645,Saritha Yennapally,2022-04-15,Optional Holiday,APPROVED,,
OPTIONAL_HOLIDAY_1,SIL-0813,Uday Ravi Kiran Chintagunta,2022-04-15,Optional Leave,APPROVED,,
OPTIONAL_HOLIDAY_1,SIL-0296,Venkata Swarna Deevi,2022-04-15,Opting my Optional Holiday,APPROVED,,
OPTIONAL_HOLIDAY_1,SIL-0755,John Jackson Japheth Jamesing Maria,2022-04-15,For Good Friday,APPROVED,,
OPTIONAL_HOLIDAY_1,SIL-0811,Praveen Telaprolu,2022-04-15,To attend Friend's Marriage,APPROVED,,
OPTIONAL_HOLIDAY_1,SIL-0744,Aishwarya Chiniwar,2022-04-15,Optional holiday,APPROVED,,
OPTIONAL_HOLIDAY_1,SIL-0756,John Joshua Japheth Jamesing Maria,2022-04-15,Good Friday,APPROVED,,
OPTIONAL_HOLIDAY_1,SIL-0762,Dawna Mariya Jaison,2022-04-15,Goodfriday,APPROVED,,
OPTIONAL_HOLIDAY_1,SIL-0668,Tirupathirao Ronanki,2022-04-15,Taken optional holiday.,APPROVED,,
OPTIONAL_HOLIDAY_1,SIL-0347,Radhika Vemanedi,2022-04-15,Good Friday,APPROVED,,
WEEKLY_OFF,SIL-0613,Anukul Kumar,2022-06-20,US Holiday,APPROVED,,
OFFICIAL_WORK,SIL-0753,Mohd Abdul Jaffar,2022-06-21 to 2022-06-22,Official wrk,CANCELLED,,
OPTIONAL_HOLIDAY_1,SIL-0752,Varsha D,2022-08-09,Optional holiday (Muharram),APPROVED,,
OPTIONAL_HOLIDAY_1,SIL-0745,Neha Subhash Hemagire,2022-08-09,Optional holiday,APPROVED,,
OPTIONAL_HOLIDAY_1,SIL-0674,Mastan Moka,2022-08-09,Muharram,APPROVED,,
OPTIONAL_HOLIDAY_1,SIL-0761,Saritha Chikile,2022-08-09,Optional Holiday,APPROVED,,
OPTIONAL_HOLIDAY_1,SIL-0771,Srinidhi Vallabhajosula,2022-08-09,Optional holiday,APPROVED,,
OPTIONAL_HOLIDAY_1,SIL-0743,Swati Shah,2022-08-09,Optional holiday,APPROVED,,
OPTIONAL_HOLIDAY_1,SIL-0748,Hema Sai Sree Chegu,2022-08-09,Optional leave,APPROVED,,
OPTIONAL_HOLIDAY_1,SIL-0741,Hema Latha Musalamadugu,2022-08-09,Optional Holiday,APPROVED,,
OPTIONAL_HOLIDAY_1,SIL-0763,Sahaja Kamtam,2022-08-09,Optional holiday,APPROVED,,
OPTIONAL_HOLIDAY_1,SIL-0749,Mohammad Nizamuddin Khan,2022-08-09,Moharam,APPROVED,,
OPTIONAL_HOLIDAY_1,SIL-0764,Shrithi Basumata,2022-08-09,Optional Holiday,APPROVED,,
OPTIONAL_HOLIDAY_1,SIL-0742,Shaheen Shaik,2022-08-09,Optional Holiday,APPROVED,,
OPTIONAL_HOLIDAY_1,SIL-0701,Karthik Koganti,2022-08-09,Optional Holiday,APPROVED,,
OPTIONAL_HOLIDAY_1,SIL-0751,Venkatesh Kambala,2022-08-09,optional holiday,APPROVED,,
OPTIONAL_HOLIDAY_1,SIL-0696,Lokeshwar Reddy Papagari,2022-08-09,optional holiday,APPROVED,,
OPTIONAL_HOLIDAY_1,SIL-0703,Manidhar Kommuru,2022-08-09,Out of Station,APPROVED,,
OPTIONAL_HOLIDAY_1,SIL-0753,Mohd Abdul Jaffar,2022-08-09,Muharram,APPROVED,,
OPTIONAL_HOLIDAY_1,SIL-0822,Dheemanth Vadde,2022-08-09,Optional Holiday,APPROVED,,
OPTIONAL_HOLIDAY_1,SIL-0747,Aniket Paul,2022-08-09,Optional Holiday,APPROVED,,
OPTIONAL_HOLIDAY_1,SIL-0760,Suraj Jyoti Sonowal,2022-08-09,Optional Holiday,APPROVED,,
OPTIONAL_HOLIDAY_1,SIL-0739,Akash Ghosh,2022-08-09,OPTIONAL HOLIDAY,APPROVED,,
OPTIONAL_HOLIDAY_1,SIL-0757,Sisira Gudapati,2022-08-09,Optional Holiday,APPROVED,,
OPTIONAL_HOLIDAY_1,SIL-0759,Sai Prathap Reddy Vennapusa,2022-08-09,Optional Holiday,APPROVED,,
WEEKLY_OFF,SIL-0753,Mohd Abdul Jaffar,2023-02-13,w4,CANCELLED,,
WEEKLY_OFF,SIL-0753,Mohd Abdul Jaffar,2023-02-24,dsds,CANCELLED,,
OPTIONAL_HOLIDAY_1,SIL-0777,Udaykiran Edamakanti,2023-03-07,Optional Holiday,APPROVED,,
OPTIONAL_HOLIDAY_1,SIL-0822,Dheemanth Vadde,2023-03-07,Holi Optional Holiday,APPROVED,,
OPTIONAL_HOLIDAY_1,SIL-0745,Neha Subhash Hemagire,2023-03-07,optional holiday,APPROVED,,
OPTIONAL_HOLIDAY_1,SIL-0699,Gopinadh Tiyyagura,2023-03-07,Holi,APPROVED,,
OPTIONAL_HOLIDAY_1,SIL-0752,Varsha D,2023-03-07,holi,APPROVED,,
OPTIONAL_HOLIDAY_1,SIL-0635,Rajat Pasrija,2023-03-07,holi,APPROVED,,
OPTIONAL_HOLIDAY_1,SIL-0750,Mrinal Mishra,2023-03-07,Taking Optional leave,APPROVED,,
OPTIONAL_HOLIDAY_1,SIL-0720,Sivasankar Reddy Nalamaru,2023-03-07,OPTIONAL HOLIDAY,APPROVED,,
OPTIONAL_HOLIDAY_1,SIL-0855,Nikhita Reddy Hanumayyagari,2023-03-07,Holi,APPROVED,,
OPTIONAL_HOLIDAY_1,SIL-0766,Pavan Kumar Bolikonda,2023-03-07,Holi Holiday,APPROVED,,
OPTIONAL_HOLIDAY_1,SIL-0747,Aniket Paul,2023-03-07,Optional Holiday,CANCELLED,,
WEEKLY_OFF,SIL-0753,Mohd Abdul Jaffar,2023-03-07,vvgg,CANCELLED,,
OPTIONAL_HOLIDAY_1,SIL-0859,Venkatesh Narahari,2023-04-07,Optional Holiday,APPROVED,,
OPTIONAL_HOLIDAY_1,SIL-0296,Venkata Swarna Deevi,2023-04-07,Personal Work,APPROVED,,
OPTIONAL_HOLIDAY_1,SIL-0701,Karthik Koganti,2023-04-07,Optional Holiday,APPROVED,,
OPTIONAL_HOLIDAY_1,SIL-0759,Sai Prathap Reddy Vennapusa,2023-04-07,Optional Holiday,APPROVED,,
OPTIONAL_HOLIDAY_1,SIL-0874,Lakshmi Priyamvada Boga,2023-04-07,good Friday Leave,CANCELLED,,
OPTIONAL_HOLIDAY_1,SIL-0696,Lokeshwar Reddy Papagari,2023-04-07,Optional holiday,APPROVED,,
OPTIONAL_HOLIDAY_1,SIL-0856,Gowtham Gogineni,2023-04-07,Optional holiday,APPROVED,,
OPTIONAL_HOLIDAY_1,SIL-0813,Uday Ravi Kiran Chintagunta,2023-04-07,OPTIONAL HOLIDAY,APPROVED,,
OPTIONAL_HOLIDAY_1,SIL-0356,Ravali Narla,2023-04-07,optional holiday,APPROVED,,
OPTIONAL_HOLIDAY_1,SIL-0861,Susmitha Kondaveeti,2023-04-07,good firdy,APPROVED,,
OPTIONAL_HOLIDAY_1,SIL-0874,Lakshmi Priyamvada Boga,2023-04-07,Optional holiday,APPROVED,,
OPTIONAL_HOLIDAY_1,SIL-0804,Venusree Addepalli,2023-04-07,Optional Holiday,APPROVED,,
OPTIONAL_HOLIDAY_1,SIL-0528,Naga Sandhya Rani Kodali,2023-04-07,Good Friday,APPROVED,,
OPTIONAL_HOLIDAY_1,SIL-0611,Srujan Kumar kokala,2023-04-07,Good Friday,APPROVED,,
OPTIONAL_HOLIDAY_1,SIL-0833,Arun Kumar Konda,2023-04-07,Optional holiday,APPROVED,,
OPTIONAL_HOLIDAY_1,SIL-0756,John Joshua Japheth Jamesing Maria,2023-04-07,Good friday,APPROVED,,
OPTIONAL_HOLIDAY_1,SIL-0755,John Jackson Japheth Jamesing Maria,2023-04-07,Good Friday,APPROVED,,
OPTIONAL_HOLIDAY_1,SIL-0679,Rajyalakshmi Sadhineni,2023-04-07,NA,APPROVED,,
OPTIONAL_HOLIDAY_1,SIL-0062,Srinivas Reddy Dondeti,2023-04-07,Optional Holiday,APPROVED,,
OPTIONAL_HOLIDAY_1,SIL-0864,Sowmya Devarapalli,2023-04-07,good friday,APPROVED,,
OPTIONAL_HOLIDAY_1,SIL-0836,Kowsik Kumar Reddy Beeram,2023-04-07,Optional Holiday,APPROVED,,
OPTIONAL_HOLIDAY_1,SIL-0716,Srikanth Aare,2023-04-07,Good Friday,CANCELLED,,
OPTIONAL_HOLIDAY_1,SIL-0159,Vishwanth Reddy Gunna,2023-04-07,optional holiday,APPROVED,,
OPTIONAL_HOLIDAY_1,SIL-0851,Suryanarayana Alapati,2023-04-07,Good Friday,APPROVED,,
OPTIONAL_HOLIDAY_1,SIL-0762,Dawna Mariya Jaison,2023-04-07,optional holiday,APPROVED,,
OPTIONAL_HOLIDAY_1,SIL-0809,Armooth Akhila,2023-04-07,optional holiday,APPROVED,,
OPTIONAL_HOLIDAY_1,SIL-C-5077,Rajireddy Kesireddy,2023-04-07,Optional Holiday,APPROVED,,
OPTIONAL_HOLIDAY_1,SIL-0786,Chandra Sekhar Mora,2023-04-07,Good Friday (Travelling),APPROVED,,
OPTIONAL_HOLIDAY_1,SIL-0761,Saritha Chikile,2023-04-07,optional holiday,APPROVED,,
OPTIONAL_HOLIDAY_1,SIL-0764,Shrithi Basumata,2023-04-07,Optional holiday,APPROVED,,
OPTIONAL_HOLIDAY_1,SIL-0166,Chandra Sekhar Chinnam,2023-04-07,Optional Holiday,APPROVED,,
OPTIONAL_HOLIDAY_1,SIL-0835,Chintamoni Patra,2023-04-07,Taking optional holiday,CANCELLED,,
OFFICIAL_WORK,SIL-0857,Abhinesh Kumar,2023-05-02 to 2023-05-03,my sister's wedding,REJECTED,,
OPTIONAL_HOLIDAY_1,SIL-0742,Shaheen Shaik,2023-06-29,Optional Holiday,APPROVED,,
OPTIONAL_HOLIDAY_1,SIL-0862,Abdul Basith,2023-06-29,Taken Leave for Bakrid,APPROVED,,
OPTIONAL_HOLIDAY_1,SIL-0879,Koneti Harshavardhan Rao,2023-06-29,Leave for Friends marriage,APPROVED,,
OPTIONAL_HOLIDAY_1,SIL-0763,Sahaja Kamtam,2023-06-29,Optional Holiday,APPROVED,,
OPTIONAL_HOLIDAY_1,SIL-0751,Venkatesh Kambala,2023-06-29,Optional Holiday,APPROVED,,
OPTIONAL_HOLIDAY_1,SIL-0778,Sunder Sriram Dasu,2023-06-29,Bakrid,APPROVED,,
OPTIONAL_HOLIDAY_1,SIL-0870,Srinivas Arsid,2023-06-29,Optional leave,APPROVED,,
OPTIONAL_HOLIDAY_1,SIL-0852,Vamsi Sai Mohan Nallapeddi,2023-06-29,Optional holiday,APPROVED,,
OPTIONAL_HOLIDAY_1,SIL-0663,Mohammad Ahmad Zabi,2023-06-29,Optional Holiday,APPROVED,,
OPTIONAL_HOLIDAY_1,SIL-0753,Mohd Abdul Jaffar,2023-06-29,Bakrid Festival,APPROVED,,
OPTIONAL_HOLIDAY_1,SIL-0810,Akash Machra,2023-06-29,Optional Holiday.,CANCELLED,,
OPTIONAL_HOLIDAY_1,SIL-0749,Mohammad Nizamuddin Khan,2023-06-29,Bakri Eid,APPROVED,,
OPTIONAL_HOLIDAY_1,SIL-0342,Pavan Kumar Vadde,2023-06-29,Optional holiday,APPROVED,,
OPTIONAL_HOLIDAY_1,SIL-0883,Mohammad Ghouse Baba,2023-06-29,EID -Bakrid,APPROVED,,
OPTIONAL_HOLIDAY_1,SIL-0364,Veeresh Vadlamani,2023-06-29,Optional Holiday,APPROVED,,
OPTIONAL_HOLIDAY_1,SIL-0475,Mohan Krishna Palakurti,2023-06-29,leave,APPROVED,,
OPTIONAL_HOLIDAY_1,SIL-0743,Swati Shah,2023-06-29,Optional leave,APPROVED,,
OPTIONAL_HOLIDAY_1,SIL-0840,Priyanka Diddekunta,2023-06-29,Optional holiday,APPROVED,,
OPTIONAL_HOLIDAY_1,SIL-0810,Akash Machra,2023-06-29,optional holiday,APPROVED,,
OPTIONAL_HOLIDAY_1,SIL-0736,Azhar Mohammed Khan,2023-06-29,Optional Holiday,APPROVED,,
OPTIONAL_HOLIDAY_1,SIL-0835,Chintamoni Patra,2023-06-29,bakrid,APPROVED,,
OFFICIAL_WORK,SIL-0161,Bichala Ramu,2023-07-18,function,CANCELLED,,
WEEKLY_OFF,SIL-0910,Kunnath Vizhakkat Dhananjayadas,2023-10-23,Week off,APPROVED,,
WEEKLY_OFF,SIL-0910,Kunnath Vizhakkat Dhananjayadas,2023-10-25,Week off,APPROVED,,
WEEKLY_OFF,SIL-0910,Kunnath Vizhakkat Dhananjayadas,2023-10-30,Week off,APPROVED,,
OPTIONAL_HOLIDAY_1,SIL-0894,Ganesh Hanumantrao Borde,2023-11-13,Optional Holiday,APPROVED,,
OPTIONAL_HOLIDAY_1,SIL-0897,Lotheti Tulasi,2023-11-13,Availing Optional Holiday,APPROVED,,
OPTIONAL_HOLIDAY_1,SIL-0888,Boga Sai Kiran,2023-11-13,optional off,APPROVED,,
OPTIONAL_HOLIDAY_1,SIL-0886,Ekta Kumari,2023-11-13,Diwali optional holiday,APPROVED,,
OPTIONAL_HOLIDAY_1,SIL-0757,Sisira Gudapati,2023-11-13,Optional Holiday,APPROVED,,
OPTIONAL_HOLIDAY_1,SIL-0889,Deepanraj Elumalai,2023-11-13,diwali,APPROVED,,
OPTIONAL_HOLIDAY_1,SIL-0800,Chandra Naga Manoj Kumar Pentela,2023-11-13,Diwali,APPROVED,,
OPTIONAL_HOLIDAY_1,SIL-0915,Anil Kumar Sharma,2023-11-13,Optional Holiday,APPROVED,,
OPTIONAL_HOLIDAY_1,SIL-0927,Chamarthy Niveditha,2023-11-13,Optional holiday,APPROVED,,
OPTIONAL_HOLIDAY_1,SIL-0895,Mukund Dattaram Shimpi,2023-11-13,Day After Diwali,APPROVED,,
OPTIONAL_HOLIDAY_1,SIL-0893,Praveen Kumar Jada,2023-11-13,Optional Holiday,APPROVED,,
OPTIONAL_HOLIDAY_1,SIL-0860,Nishanth Shekarappa,2023-11-13,Diwali,APPROVED,,
OPTIONAL_HOLIDAY_1,SIL-0644,Surendra Mylavarapu,2023-11-13,Optional,APPROVED,,
OPTIONAL_HOLIDAY_1,SIL-0534,Nisha Nair,2023-11-13,Optional Holiday,APPROVED,,
OPTIONAL_HOLIDAY_1,SIL-0917,Boora Varsha,2023-11-13,Diwali,APPROVED,,
OPTIONAL_HOLIDAY_1,SIL-0909,Lenkeppa Mulimani Gopal,2023-11-13,Due to Festival,APPROVED,,
OPTIONAL_HOLIDAY_1,SIL-0920,Kokkonda Rathnakar,2023-11-13,Optional holiday,APPROVED,,
OPTIONAL_HOLIDAY_1,SIL-0594,Bonda Ramudu,2023-11-13,going to hometown,APPROVED,,
OPTIONAL_HOLIDAY_1,SIL-0918,Penumalla Venkata Ashok Kumar Reddy,2023-11-13,Diwali Festival,APPROVED,,
OPTIONAL_HOLIDAY_1,SIL-0747,Aniket Paul,2023-11-13,Optional Holiday,CANCELLED,,
OPTIONAL_HOLIDAY_1,SIL-0747,Aniket Paul,2023-11-13,Optional Holiday,CANCELLED,,
OPTIONAL_HOLIDAY_1,SIL-0747,Aniket Paul,2023-11-13,Optional Holiday,APPROVED,,
OPTIONAL_HOLIDAY_1,SIL-0648,Karthika Kaipu,2023-11-13,taking optional holiday,APPROVED,,
OPTIONAL_HOLIDAY_1,SIL-0875,Vaishali Bahl,2023-11-13,Next Day of Diwali,APPROVED,,
OPTIONAL_HOLIDAY_1,SIL-0716,Srikanth Aare,2023-11-13,Out of station,APPROVED,,
OPTIONAL_HOLIDAY_1,SIL-0872,Snehalatha Makam,2023-11-13,Optional Holiday,APPROVED,,
OPTIONAL_HOLIDAY_1,SIL-0882,Parsa Venkata Sai Navneet,2023-11-13,Next Day of Diwali,APPROVED,,
OPTIONAL_HOLIDAY_1,SIL-0925,Sai Kumar Thallapelly,2023-11-13,i am taking optional holiday,APPROVED,,
OPTIONAL_HOLIDAY_1,SIL-0161,Bichala Ramu,2023-11-13,diwali,APPROVED,,
OPTIONAL_HOLIDAY_1,SIL-0787,karthekayan Raju,2023-11-13,Diwali,APPROVED,,
OPTIONAL_HOLIDAY_1,SIL-0922,Harika Kotti,2023-11-13,Would like to avail optional h,REJECTED,,
OPTIONAL_HOLIDAY_1,SIL-0760,Suraj Jyoti Sonowal,2023-11-13,Optional holiday,APPROVED,,
OPTIONAL_HOLIDAY_1,SIL-0865,Rohith Manikanta Peddi,2023-11-13,optional holiday,APPROVED,,
OPTIONAL_HOLIDAY_1,SIL-0892,Shreyas Vitthal Rao Tale,2023-11-13,Diwali Holiday,APPROVED,,
OFFICIAL_WORK,SIL-0684,Venkat Sunil Upadrasta,2024-01-22,Was with Murthu Kolluru,APPROVED,,
OFFICIAL_WORK,SIL-0684,Venkat Sunil Upadrasta,2024-01-25,Supporting Murthu Kolluru,APPROVED,,
OPTIONAL_HOLIDAY_2,SIL-0881,Saravanan Kumar,2024-03-07,Optional,CANCELLED,,
OPTIONAL_HOLIDAY_2,SIL-0887,Bandani Chouhan,2024-03-25,optional holiday,REJECTED,,
OPTIONAL_HOLIDAY_1,SIL-0755,John Jackson Japheth Jamesing Maria,2024-03-29,Good Friday,APPROVED,,
OPTIONAL_HOLIDAY_1,SIL-0086,KameswaraRao Mula,2024-03-29,GOOD FRIDAY,APPROVED,,
OFFICIAL_WORK,SIL-0949,Koushik Srikanth,2024-04-12,personal Work,REJECTED,,
OPTIONAL_HOLIDAY_1,SIL-0894,Ganesh Hanumantrao Borde,2024-04-12,Apply holiday,REJECTED,,
OPTIONAL_HOLIDAY_2,SIL-0736,Azhar Mohammed Khan,2024-06-17,Considering Festival Holiday,APPROVED,,
OPTIONAL_HOLIDAY_1,SIL-0943,Mohammed Anwar,2024-06-17,Bakrid,CANCELLED,,
OPTIONAL_HOLIDAY_1,SIL-0933,Thota Sai Raghu,2024-07-04,Client Holiday,APPROVED,,
OFFICIAL_WORK,SIL-0561,Nag Arvind Gudiseva,2024-09-10,MongoDB Conference Bangalore,APPROVED,,
OFFICIAL_WORK,SIL-0806,Tripurari Bhatla Nanda Kishore,2024-11-07 to 2024-11-08,visit to walmart,APPROVED,,
OFFICIAL_WORK,SIL-0534,Nisha Nair,2024-11-15,SCSC training session,APPROVED,,
OFFICIAL_WORK,SIL-0534,Nisha Nair,2024-11-29,SCSC training session,APPROVED,,
OFFICIAL_WORK,SIL-0534,Nisha Nair,2024-12-13,SCSC training session,APPROVED,,
OFFICIAL_WORK,SIL-0062,Srinivas Reddy Dondeti,2026-01-08,Resorts visiting,APPROVED,,
OPTIONAL_HOLIDAY_1,SIL-0829,Anwar Mohammad,2026-05-28,EID,REJECTED,,
