user_id,email,password_hash,password_changed_at,activated_at,status
6a4f8da527261dbcc33a3acd,sreekanthreddy@mailinator.com,$2b$12$i3u3NIUNpHHGjyfWWxBNleuMMfpJc3RIau/3QGWjlZLBRhPh.2TfS,2026-07-09T12:01:39.941000,2018-08-30T11:22:11,active
6a4f8da627261dbcc33a3acf,jagadeesh@sagarsoft.in,$2b$12$jUI1rV9.LNzJZUBmelaN5uvgbuTUFbTnzfNhEqGQk/455lA7YaHNW,2026-07-09T12:01:39.941000,2024-02-27T10:15:00,active
6a4f8da627261dbcc33a3ad1,pradeepk@sagarsoft.in,$2b$12$9lx.aukEdKPSzS8TZiGKJeKjuoLYGP89qBGoANAI1BVwY2oya8qrm,2026-07-09T12:01:39.941000,2024-02-27T10:23:58,active
6a4f8da627261dbcc33a3ad3,pavan.somepalli@sagarsoft.in,$2b$12$yz2dD0HLo29Rr8TF/7tlKetjbLqyb6pcn.vUrH3FnSHk8/2NXvCzm,2026-07-09T12:01:39.941000,2025-08-12T11:08:31,active
6a4f8da727261dbcc33a3ad5,chandrasekhar.chinnam@sagarsoft.in,$2b$12$Kz/RWXBpBTCVqOXtZAB.SekYEqLi3sqW0CtjHYdhgANZUFsIkwFbW,2026-07-09T12:01:39.941000,2025-08-12T11:03:49,active
6a4f8da727261dbcc33a3ad7,sudhakar.lingabathini@sagarsoft.in,$2b$12$pgfe/ENEHnBGsQkkR3xYa.LdVW3VaRKZUjuLwfcG0Hx/i20Qc9MLS,2026-07-09T12:01:39.941000,2025-08-12T11:07:41,active
6a4f8da727261dbcc33a3ad9,satish.jindham@sagarsoft.in,$2b$12$8ZlSr1cbhZdqwd6iWRwseO9yBiNvrlmfRTkAGKUvgi59QzE7DkFxa,2026-07-09T12:01:39.941000,2025-06-20T06:12:49,active
6a4f8da827261dbcc33a3adf,barat.thumma@sagarsoft.in,$2b$12$VJOXL5j8OnjyXMdNjZieouZirqRMW4r7QIl1erNwfEEpswQ5Olk72,2026-07-09T12:01:39.941000,2025-08-18T08:01:27,active
6a4f8da827261dbcc33a3ae1,e.murali@sagarsoft.in,$2b$12$Rlzb/ifGg.fqoVmoD/dYp.uyjeCmpgr9t6Q6EAu16qZZcAH5owpy.,2026-07-09T12:01:39.941000,2024-02-21T13:32:36,active
6a4f8da827261dbcc33a3ae3,madhav@sagarsoft.in,$2b$12$amplTSrSXobYoV1BDZaF6ORooSvgz1o18cn0/SLddrFGxXYG6WcVW,2026-07-09T12:01:39.941000,2024-02-21T12:20:12,active
6a4f8da927261dbcc33a3ae5,d.srinivas@sagarsoft.in,$2b$12$YePwRq54lqDyAwA5LTpXhOkZgDlxHonQ9ELlvss6xnEG3m.d.tsUS,2026-07-09T12:01:39.941000,2024-02-21T12:11:09,active
6a4f8da927261dbcc33a3ae7,vijay.villuri@sagarsoft.in,$2b$12$M6ypnaDj3J1SUGf4X2Z7o.QJrEepcycEg7hsDZ3GSEXgUDhZb8U/.,2026-07-09T12:01:39.941000,2025-08-12T11:11:41,active
6a4f8da927261dbcc33a3ae9,subhash@sagarsoft.in,$2b$12$v5VL8037m7bjxJsZQ6OGpe67dcEctHARmm.LFrOn4d3rATEt19vmm,2026-07-09T12:01:39.941000,2025-08-12T11:09:54,active
6a4f8da927261dbcc33a3aeb,rajasekhar@sagarsoft.in,$2b$12$kgm491LLiz.4maqgZZ4G1ucMrHuC17hWX6DyX5dvU/17JCjNfe8Om,2026-07-09T12:01:39.941000,2018-08-30T11:22:27,active
6a4f8daa27261dbcc33a3aed,n.raghavendar@sagarsoft.in,$2b$12$SQEVPj5h.iDeWTFKLKVcM.1G9T4TWJhd4fZ5SKcybCbRKs3oxFYKa,2026-07-09T12:01:39.941000,2025-08-04T11:17:33,active
6a4f8daa27261dbcc33a3af3,suri@sagarsoft.in,$2b$12$2ovKUPTi7eXPkfCEpvRds.y./qxbiOmj6hnynrai7fNkNtj/Zh6ya,2026-07-09T12:01:39.941000,2025-08-12T10:59:32,active
6a4f8daa27261dbcc33a3af5,prabhakark@sagarsoft.in,$2b$12$rPaPh2AsxlsyviIxu9xdDO8J8o5jF8zZZJGNS0z3ATFn8UWG2w.uO,2026-07-09T12:01:39.941000,2025-10-06T06:52:09,active
6a4f8dab27261dbcc33a3af7,bhim.thapa@sagarsoft.in,$2b$12$qbs3wqbSaTGOmXLGuPW19OgOFHLAVXZCgIFYv88s37ZVAcv.YUP.C,2026-07-09T12:01:39.941000,2024-10-01T10:41:41,active
6a4f8dab27261dbcc33a3af9,s.prathima@sagarsoft.in,$2b$12$pOyGo7Ty.43zZm2N0O5VOeQZErGoG/k2iKQ/.Gt/F3OxvQ6eoYVee,2026-07-09T12:01:39.941000,2024-09-23T05:29:03,active
6a4f8dab27261dbcc33a3afb,g.devikiran@sagarsoft.in,$2b$12$8Qlv7oqLGfEyGWfHQbMFY.51jfpg50FBMAvti3V9BuKEayOryOGVi,2026-07-09T12:01:39.941000,2024-10-01T10:58:18,active
6a4f8dac27261dbcc33a3aff,m.kameswar@sagarsoft.in,$2b$12$.QHKhOsoIKn2hIt75p59oem6OjHs8wzrd3qtDYPz.xcNppVIWpYHm,2026-07-09T12:01:39.941000,2025-08-12T11:01:36,active
6a4f8dac27261dbcc33a3b01,padmaja.bikkina@sagarsoft.in,$2b$12$9ZqbM2L1XTjUcx8pJprhxe4TD7HXeKCRjdI07V9WIJq/mIwEZIH6G,2026-07-09T12:01:39.941000,2024-10-01T11:38:48,active
6a4f8dac27261dbcc33a3b03,palarapu.naresh@sagarsoft.in,$2b$12$ks5hQfFJMT0/syHcqkX8L.kopSx5tAt8g.4za56d2SFQPDYD9ioFq,2026-07-09T12:01:39.941000,2025-08-12T11:02:33,active
6a4f8dad27261dbcc33a3b09,vishwanth.gunna@sagarsoft.in,$2b$12$Yrg6RbXmBj.H6kD.3v4NYug9gjGMOdQUUONc15r4hg9jpLwjaxIoy,2026-07-09T12:01:39.941000,2025-09-18T06:42:32,active
6a4f8dad27261dbcc33a3b0b,valivete.suryabrahma@sagarsoft.in,$2b$12$yJvzpmNzFmUQdOb3IJo99Ogtf0RTb1xHl0nkxoP12PlSdVDYsu1QC,2026-07-09T12:01:39.941000,2025-08-12T11:03:05,active
6a4f8dad27261dbcc33a3b0d,balaji.karanam@sagarsoft.in,$2b$12$QpjzMwZayOUd8VG4oG.vNetWXxJXpKCqcuXRQIZjr11RVriSC.okm,2026-07-09T12:01:39.941000,2025-08-12T11:04:18,active
6a4f8dad27261dbcc33a3b13,hemanth.emmadi@sagarsoft.in,$2b$12$Bsg5eHEtI3cnzkymrIStOeXC2xWektKQaBZWPHoztH0TuZTjDNKA.,2026-07-09T12:01:39.941000,2025-08-12T11:04:54,active
6a4f8dae27261dbcc33a3b15,harika.gaddam@sagarsoft.in,$2b$12$ElQywr2mk3eXtozg1dcyy.ZQ4P/b5mMNlMle2Qn1G2kCfsqBiCycq,2026-07-09T12:01:39.941000,2025-08-12T11:05:34,active
6a4f8dae27261dbcc33a3b19,varaprasad.aripaka@sagarsoft.in,$2b$12$Y5VizYZYTOGHFhvY8.nGDOkWUx4F2/oETYWqvl.FsrEIVqARgXrGu,2026-07-09T12:01:39.941000,2025-08-12T11:07:10,active
6a4f8dae27261dbcc33a3b1b,prasanna.nidoda@sagarsoft.in,$2b$12$WbAPWR8IAcn57gELNC.IROEDzGWg3D8GU3bdF855vEnH.5C8r6Ytq,2026-07-09T12:01:39.941000,2024-02-23T09:48:41,active
6a4f8daf27261dbcc33a3b21,prashanth.mandala@sagarsoft.in,$2b$12$V3RD8KtNVwzJt/0fC/MjXOf77W2gyYBbqtrzZ7fZYv6V.kIXKjlJS,2026-07-09T12:01:39.941000,2024-10-01T11:41:38,active
6a4f8daf27261dbcc33a3b25,veera.gade@sagarsoft.in,$2b$12$AWvVdQ8QzttBNlE2wR3pEe1Z9kSjM4p5GmFoFVbnteNJ.LEqfC/W.,2026-07-09T12:01:39.941000,2025-08-12T11:10:24,active
6a4f8daf27261dbcc33a3b2d,swarna.deevi@sagarsoft.in,$2b$12$G6Z5wf1AM5URA3roTFmFquH5kYVZA6Gp50FVs2BVjfoaF4rSmonlm,2026-07-09T12:01:39.941000,2025-08-04T11:24:56,active
6a4f8db027261dbcc33a3b2f,sunil.medi@sagarsoft.in,$2b$12$XCe/BE4Gx3Tbpd13q7qP0euCwjVUFpyybjzagbCLOHfzCgdgqsJby,2026-07-09T12:01:39.941000,2025-08-12T11:12:05,active
6a4f8db027261dbcc33a3b37,tabrez.khan@sagarsoft.in,$2b$12$GrigDUULNDXgHCMGbsk.yec6yDsNPz/mFT9N6eFOHp6hC.eTZOanW,2026-07-09T12:01:39.941000,2024-02-23T10:57:19,active
6a4f8db027261dbcc33a3b3f,pavan.vadde@sagarsoft.in,$2b$12$LAt4EhgTdYk8ebUXpScAKuio.u60PTLxW2vTB75dcWgY4aNUVuyqq,2026-07-09T12:01:39.941000,2025-11-10T10:44:20,active
6a4f8db127261dbcc33a3b49,ravali.narla@sagarsoft.in,$2b$12$uRhgcFfv9G2RgJhoszFMLOtTUHzbd1eAwY8AbBz01dz8Pn7r.9a9K,2026-07-09T12:01:39.941000,2025-08-12T11:12:36,active
6a4f8db127261dbcc33a3b5b,veeresh.vadlamani@sagarsoft.in,$2b$12$/imuScpuBVjZF1ZZ5pGfo.cJqHQK50ZPtF75u.D6GRkKrj.SP8KaC,2026-07-09T12:01:39.941000,2025-08-12T11:00:05,active
6a4f8db127261dbcc33a3b5d,rathnakar@sagarsoft.com,$2b$12$oXdnelhQyoOXp5m.2P2PrO4TzNqTit9746bSmGayI9mgxL9.D3oQK,2026-07-09T12:01:39.941000,2018-08-30T11:22:33,active
6a4f8db227261dbcc33a3b6b,satish.reddem@sagarsoft.in,$2b$12$BP0ZBhkxRRuPux9Zv6YgcuioSBvbqgxO76mx6YI/aol478VXxy8bq,2026-07-09T12:01:39.941000,2026-02-03T10:54:02,active
6a4f8db227261dbcc33a3b75,anilbabu.vemula+sil-0395@sagarsoft.in,$2b$12$uhp36e4Hd53KlkQZkdJgL.Oew5nUVJTyWCPi5zQs0Mu0KqX.3mmsy,2026-07-09T12:01:39.941000,2025-08-12T11:01:33,active
6a4f8db327261dbcc33a3bc7,sumanraghu.raodhanu@sagarsoft.in,$2b$12$rSyneQ11M5mHSubkx6Ko3ulk6FbNH/f162/iWcjxH6ga7.O32GMPy,2026-07-09T12:01:39.941000,2025-08-12T11:02:33,active
6a4f8db327261dbcc33a3bcb,krishna.chirravuri@sagarsoft.in,$2b$12$RFfE4D4TCqpKem634NyN9ektesoU1wX83Y5Cd2o1vcUhXFByLTYMW,2026-07-09T12:01:39.941000,2026-05-19T09:28:22,active
6a4f8db327261dbcc33a3bd7,sravanthi.bijjam@sagarsoft.in,$2b$12$T1YLS.8S8e.rI.EsGnPizexyE.cZY.csjCpI3xj5VYU4HU5/LCjDW,2026-07-09T12:01:39.941000,2025-08-12T11:03:23,active
6a4f8db427261dbcc33a3bf1,srivishnu.vijayan@sagarsoft.in,$2b$12$x1UMl9uQWLCpVwOX/m6fDOPopgzkwEcVULJbKP1zdsEQ5DJdj00mq,2026-07-09T12:01:39.941000,2025-08-12T11:04:31,active
6a4f8db427261dbcc33a3bfd,ramchandra.chintala@sagarsoft.in,$2b$12$Sc0G.dOFi7EmGBQbxSGtFOZE/1T5FcsOzp4tc3yIwK5VEJUOvvQBW,2026-07-09T12:01:39.941000,2025-08-12T11:04:54,active
6a4f8db527261dbcc33a3c1b,ansar.shaik@sagarsoft.in,$2b$12$/srYU2JDngmUH4sC5O.CAOee.xsY.6FgE1v2.Jeoyj5kseOU3Gl7m,2026-07-09T12:01:39.941000,2025-08-12T11:06:05,active
6a4f8db527261dbcc33a3c2f,nisha.nair@sagarsoft.in,$2b$12$Fbc9u9wmVq3RtJRJBBbDjeDxrBSfsNuK6R23p6YzqBNhxMOkRtGyS,2026-07-09T12:01:39.941000,2025-04-21T04:04:28,active
6a4f8db527261dbcc33a3c95,kiran.mandava@sagarsoft.in,$2b$12$iSYJAggWHNouocw8IeOjPOSvQIeIhNQvREoYkqpEIADSzS16GKBrC,2026-07-09T12:01:39.941000,2024-06-03T12:25:23,active
6a4f8db627261dbcc33a3ca5,bonda.ramudu@sagarsoft.in,$2b$12$ceRabaDnP9RzoBg5BUJszuZQ0pJ6bIx6YvCEp4B5Nueces2YId0xS,2026-07-09T12:01:39.941000,2024-02-21T12:55:10,active
6a4f8db627261dbcc33a3d11,karthika.kaipu@sagarsoft.in,$2b$12$bopBJfbUttgItSC.J5eQBOgHVc7P.YRVStlr6GC44RTm9G1TtbCnu,2026-07-09T12:01:39.941000,2025-08-18T08:44:28,active
6a4f8db727261dbcc33a3d4d,rajyalakshmi.sadhineni@sagarsoft.in,$2b$12$g/mf/cJnLRwFFeMB83I4sOnULpsMRS0p/xlJ0q9d3UJ6Pi.DAdrR2,2026-07-09T12:01:39.941000,2025-04-21T04:04:57,active
6a4f8db727261dbcc33a3d73,lokeshwar.papagari@sagarsoft.in,$2b$12$UCM26i.WXtC8fMuTmhJND.FIWYp/h65iKHUN9tjAoN1/ql/2eUgUS,2026-07-09T12:01:39.941000,2025-08-12T11:08:18,active
6a4f8db827261dbcc33a3d8b,sankara.shenbagaraj@sagarsoft.in,$2b$12$hApfJZ7UlHNAdaKKypZRT.pY/xtnl8/ApNbDD0ZVbF0X2Nx3juGJy,2026-07-09T12:01:39.941000,2025-08-12T11:10:54,active
6a4f8db827261dbcc33a3dfb,neha.hemagire@sagarsoft.in,$2b$12$kA83p.q5KDF0BncX3jUztuKyJTobTFkrVtkfWzC0RsIQ1mTtj.SVe,2026-07-09T12:01:39.941000,2025-08-12T11:14:11,active
6a4f8db927261dbcc33a3e1d,rajireddy.kesireddy@sagarsoft.in,$2b$12$hVVvj.6JLJNwOKlpToFyt.Q4R6cYEGkGSPHA7z1W4WXFwnZKT64Ne,2026-07-09T12:01:39.941000,2025-08-12T11:15:43,active
6a4f8db927261dbcc33a3e29,chandrasekhar.mora@sagarsoft.in,$2b$12$JnLfgJhixts1o5LXuTYASORNV/zSvmJwnbwSxxlUTGq5J0FPVd0WK,2026-07-09T12:01:39.941000,2025-04-21T04:05:18,active
6a4f8dba27261dbcc33a3e45,manoj.pentela@sagarsoft.in,$2b$12$WPsxUni5hh1PeK8Jnsx3D.GPzbRxQxYcrdNFqQfTn/TVfI17lQXye,2026-07-09T12:01:39.941000,2025-08-12T11:16:16,active
6a4f8dba27261dbcc33a3e4d,venusree.addepalli@sagarsoft.in,$2b$12$iEImXmTY4C/ZCfFRLG9vCOvC.LvwgBGM07N1SEySh4B7Ak2MZfQ.O,2026-07-09T12:01:39.941000,2024-10-01T15:53:26,active
6a4f8dba27261dbcc33a3e51,kishore.tripuraribhatla@sagarsoft.in,$2b$12$YOKsYr3arpRHAP8MB1Sn.uE35NcqJQfE2XNzi8/Bx87t/NluiwLF.,2026-07-09T12:01:39.941000,2025-08-18T06:46:37,active
6a4f8dbb27261dbcc33a3e57,akash.machra@sagarsoft.in,$2b$12$.Km8Vt.dM81fsQ5eo4/4UO/rJXtUcY1MLV3VoSFGv8ufE6FN/sPS.,2026-07-09T12:01:39.941000,2026-03-26T03:31:53,active
6a4f8dbb27261dbcc33a3e5d,harsha.vuppala@sagarsoft.in,$2b$12$U8H2DyFgtoyxqdmIMbBtOOvKAHSU12x3fo31lz1pktJK4S7xsdp5.,2026-07-09T12:01:39.941000,2024-09-23T06:46:40,active
6a4f8dbb27261dbcc33a3e6d,harsha.tatapudi@sagarsoft.in,$2b$12$e4jkd0nx8.zojU.YBMx/HeDdDBtybZBqThmWswubZIoHhmyKaaJR.,2026-07-09T12:01:39.941000,2025-08-12T07:02:20,active
6a4f8dbc27261dbcc33a3e7f,anwar.mohammad@sagarsoft.in,$2b$12$GH3mUPBRyEBSLg5neuHT1e7xL02F0VwBaa79qgKeAAZqEeFj5LOxe,2026-07-09T12:01:39.941000,2024-10-01T10:44:56,active
6a4f8dbc27261dbcc33a3e81,srinivas.gungwar@sagarsoft.in,$2b$12$wjQhVcK7w9V5QGgdYJcdbuRj3RdG1K1Og5tV8MLrKP2H24TA9IY.O,2026-07-09T12:01:39.941000,2025-08-13T09:10:39,active
6a4f8dbd27261dbcc33a3e95,priyanka.diddekunta@sagarsoft.in,$2b$12$eohRwUV4MYfAjYm3WNnbr.2uRexudrNZF7D5kD0BHkg4zUejLIiCC,2026-07-09T12:01:39.941000,2026-06-15T04:52:40,active
6a4f8dbd27261dbcc33a3ea5,abdul.sadhik@sagarsoft.in,$2b$12$.ezwpXXyJ62RIdPfEhiT2OVQlhSGwyb/jPwzoWUpYd1f8zU11w8Sa,2026-07-09T12:01:39.941000,2025-10-27T06:27:24,active
6a4f8dbd27261dbcc33a3eb5,gowtham.gogineni@sagarsoft.in,$2b$12$yfbZZP6d4vGRy1fhysmYi.PByMEWgsmzJahlySPWndFq3t8eSBvjm,2026-07-09T12:01:39.941000,2024-09-23T06:51:42,active
6a4f8dbe27261dbcc33a3ebb,venkatesh.narahari@sagarsoft.in,$2b$12$c0tTjLlS3Nd5/t3XbP9QGO3.JV/folBUiULLH5ZwM9gHymkgScAHy,2026-07-09T12:01:39.941000,2024-09-25T04:26:13,active
6a4f8dbe27261dbcc33a3ebf,nishanth.shekarappa@sagarsoft.in,$2b$12$dtcdi8QCoZHan80B4HwVnuFr7kJAZn28II9/tjTgvOaYeA6O51FEC,2026-07-09T12:01:39.941000,2025-06-20T05:04:18,active
6a4f8dbe27261dbcc33a3ec1,susmitha.kondaveeti@sagarsoft.in,$2b$12$QoP01rQwHQ1rnJQJM8GYCeqWr5eWStnzlN/DoiLhlmd80lpg2eWie,2026-07-09T12:01:39.941000,2025-06-20T05:03:55,active
6a4f8dbf27261dbcc33a3ec3,abdul.basith@sagarsoft.in,$2b$12$uBG4xcZjLjegl8kEM1HcW.Cz/h/luXO4aFk4vqbageL.kCWpf7F82,2026-07-09T12:01:39.941000,2025-04-09T05:26:35,active
6a4f8dbf27261dbcc33a3ec5,jyothsna.mudidani@sagarsoft.in,$2b$12$tVDaAQgHytMA2XeY7ktmt..SeOnWW9hElgDthho0Fgwmj1jrtGDbO,2026-07-09T12:01:39.941000,2025-06-17T09:23:23,active
6a4f8dbf27261dbcc33a3ec7,sowmya.devarapalli@sagarsoft.in,$2b$12$mgxyy809O8iVgPrkSm7esOvkAzQdacxQoQLTvxB.Gj2M3opEwhDhq,2026-07-09T12:01:39.941000,2025-06-20T05:03:16,active
6a4f8dc027261dbcc33a3ec9,rohith.peddi@sagarsoft.in,$2b$12$YEMA.44DBS.sQNG91tArLuilME3bbHbfxGLN6IxTRSNCf0DvTv6Jq,2026-07-09T12:01:39.941000,2026-06-02T06:56:24,active
6a4f8dc027261dbcc33a3ed1,srinivas.arsid@sagarsoft.in,$2b$12$uvPva6EWTllL6lMjYq0GMum6leSCnZyxD6c.jhlhoPqVIO3427c0.,2026-07-09T12:01:39.941000,2024-09-23T06:54:59,active
6a4f8dc027261dbcc33a3ed7,snehalatha.makam@sagarsoft.in,$2b$12$49qEEOz/IDhJ6aOvsNXZO.MrAtkIqYiYXkLMSz9HU9b8YVPYGFsNq,2026-07-09T12:01:39.941000,2025-08-18T06:13:53,active
6a4f8dc127261dbcc33a3edb,lakshmi.boga@sagarsoft.in,$2b$12$ltB/F8thDaeKRf95r/TS.elfw05/fIX8b4yRVuvfWrO.D8l7CwXRO,2026-07-09T12:01:39.941000,2024-10-01T11:23:26,active
6a4f8dc127261dbcc33a3ee7,akshara.kayya@sagarsoft.in,$2b$12$rDlWt1JK1DuIO1DtMK7DdePae7dJzw7haAz2ul1qHSB10fVe5CBH2,2026-07-09T12:01:39.941000,2024-02-22T11:22:55,active
6a4f8dc127261dbcc33a3eff,shreyas.tale@sagarsoft.in,$2b$12$zv6QeKjURQGEEibIbTOPruX4DvhZI8Dsk8Howr1w/BM335c1AFu.i,2026-07-09T12:01:39.941000,2024-09-23T06:59:52,active
6a4f8dc227261dbcc33a3f05,mukund.shimpi@sagarsoft.in,$2b$12$hlGTXS2zb1MY.Lg2vo8useLu8263EcKfd10lTRvdvr1O7sEGU54.m,2026-07-09T12:01:39.941000,2024-09-23T07:00:35,active
6a4f8dc227261dbcc33a3f0f,pavan.andalavari@sagarsoft.in,$2b$12$7gb8CkwBvr52svA24zMrJ.sngyLcxIfwDJ1fBgNoql5ziG8pJuTRC,2026-07-09T12:01:39.941000,2025-06-20T05:05:20,active
6a4f8dc227261dbcc33a3f19,pravallika.viswanadham@sagarsoft.in,$2b$12$B0nUPaMKZzTz1S2b5w4pkOiIusMV5qx6cpY6NdC5apsQiOhTkub/2,2026-07-09T12:01:39.941000,2025-08-08T10:20:34,active
6a4f8dc327261dbcc33a3f25,gopal.mulimani@sagarsoft.in,$2b$12$w1Ze0lAfouuqlbTjuFufzOmow/XIt4UNk6o0DXJ/JMVJX/QFM9mYq,2026-07-09T12:01:39.941000,2025-08-08T10:18:19,active
6a4f8dc327261dbcc33a3f31,manasa.tangirala@sagarsoft.in,$2b$12$WUlQkHjNp.umioHKNerhyuFipE5cNX8hdxGP1K7lVT0CcijVb8QNG,2026-07-09T12:01:39.941000,2024-10-09T06:39:51,active
6a4f8dc327261dbcc33a3f33,varsha.boora@sagarsoft.in,$2b$12$sV7q7jnPUEfeBz0mC3Bbq.OKnnihPBjEbs1FK9jhwXOoP6vX1bRBG,2026-07-09T12:01:39.941000,2025-08-08T10:13:51,active
6a4f8dc427261dbcc33a3f37,sridevi.reddy@sagarsoft.in,$2b$12$lbcsTdeFpJlH3uebvyYrOuXvsJcMdbEUXLTtT4RFRHnuVdjXEXulq,2026-07-09T12:01:39.941000,2025-08-18T06:14:22,active
6a4f8dc427261dbcc33a3f43,saikumar.thallapelly@sagarsoft.in,$2b$12$EUBvxxTqMe05.Q1f/f4pRe6ixXQIpBMfM2JT1Rjr9Lbt4.XaCCekO,2026-07-09T12:01:39.941000,2025-08-08T10:13:14,active
6a4f8dc427261dbcc33a3f51,satish.koppisetti@sagarsoft.in,$2b$12$/7GjpS/qh2DXXLpTe1WsAuiX5lyJ/5AYV8D8V3btEQSyllqt51YGq,2026-07-09T12:01:39.941000,2025-11-24T04:15:06,active
6a4f8dc527261dbcc33a3f53,sai.thota@sagarsoft.in,$2b$12$EcRRXXMiR/qRERrdt1I7te6FLvrvMw4/9LqO.4wuyUsq71bAiUmoy,2026-07-09T12:01:39.941000,2025-08-08T10:07:37,active
6a4f8dc527261dbcc33a3f55,poorva.joshi@sagarsoft.in,$2b$12$eM5nlBLTnYdIrHFcoXqiW..jE/kJC.ss5FhnnChYVpYWoTtzaNKe6,2026-07-09T12:01:39.941000,2025-08-08T10:04:09,active
6a4f8dc527261dbcc33a3f57,nandini.vadlamoodi@sagarsoft.in,$2b$12$JlxGw1wAYAnxxzJCw989JuJlBaMTclMvNIu/Qfvvyb94QapfH1hd.,2026-07-09T12:01:39.941000,2025-08-08T10:03:37,active
6a4f8dc527261dbcc33a3f5b,aftab.khan@sagarsoft.in,$2b$12$GYRorncOlMkt7XPRVSCA.eYVHUFe9CDmvt2XG7HEbnGco/8WppRmW,2026-07-09T12:01:39.941000,2025-09-23T09:57:52,active
6a4f8dc627261dbcc33a3f5d,priyanka.boosani@sagarsoft.in,$2b$12$x.urX5rcYSzDe87XggHy1OCLLqtW6LOfZjCzj2.BNto20If/tkkS.,2026-07-09T12:01:39.941000,2025-08-12T07:03:36,active
6a4f8dc627261dbcc33a3f93,sreeram.narendar@sagarsoft.in,$2b$12$8eSqa6/CpKTD5wVGBemL/eLsXFh3MIMj/Jk48hKkvUc1aergljPve,2026-07-09T12:01:39.941000,2025-08-08T10:01:26,active
6a4f8dc727261dbcc33a3fa3,madhu.avula@sagarsoft.in,$2b$12$VI/yti3gJq6PIwgahtdRqORspqynb3DYZGePronxHnWqQXd.TlzbS,2026-07-09T12:01:39.941000,2025-08-08T10:00:00,active
6a4f8dc727261dbcc33a3fa5,naveen.koneti@sagarsoft.in,$2b$12$l0KKWfbVtT7Myl2M7M5YXOt0PajYLqmHEgid9XidqENHBmmU/LDwC,2026-07-09T12:01:39.941000,2025-08-08T09:59:21,active
6a4f8dc727261dbcc33a3fb3,poornima.vemula@sagarsoft.in,$2b$12$Lv7paRKCraGcIlOqeVHU2uuk7YsxetZcFXdXN2FP4f1Kh1OOTqwTm,2026-07-09T12:01:39.941000,2025-08-08T09:47:14,active
6a4f8dc827261dbcc33a3fbf,manaswi.puttamraju@sagarsoft.in,$2b$12$zs2IuL3ErQDsGfu.h/2Meegt5JOBp0tTW8YlrKh/UbxM/7mlw9CeS,2026-07-09T12:01:39.941000,2026-06-29T04:55:36,active
6a4f8dc827261dbcc33a3fc5,udaykiran.dasari@sagarsoft.in,$2b$12$BQ0845oI9NkCO5Tcnzsh4.g2Pvvp74Ka05Ko/3h.4YF4dQUib4jsu,2026-07-09T12:01:39.941000,2025-08-08T09:43:45,active
6a4f8dc827261dbcc33a3fc7,abhiram.danala@sagarsoft.in,$2b$12$2vNct52BSGyYopk8XX66Keld8wnb34nZ27xJtSnAInfJ3yHPKBNr6,2026-07-09T12:01:39.941000,2025-08-08T09:43:11,active
6a4f8dc927261dbcc33a3fc9,shivani.vachhani@sagarsoft.in,$2b$12$RdFvXl8WgQJt1.wbx1Y6oez6BapMaiRQi5YsQuVbFXtb1S7Pr9uGW,2026-07-09T12:01:39.941000,2026-06-15T13:06:14,active
6a4f8dc927261dbcc33a3fcb,ganesh.neela@sagarsoft.in,$2b$12$S6khP9fAxaHuVbyEtVDvHut1q8P9UGS6BS2.ut9FxH4a20tn5wV8S,2026-07-09T12:01:39.941000,2025-08-08T09:41:56,active
6a4f8dc927261dbcc33a3fcd,deepika.boppella@sagarsoft.in,$2b$12$bXvOWGSC/Ms358cVmWK3wu/tXErgcSwVGGw9rlYXLMrs3Cve/Ka0O,2026-07-09T12:01:39.941000,2025-08-08T09:41:01,active
6a4f8dc927261dbcc33a3fd3,thirupathiraju.vattem@sagarsoft.in,$2b$12$vt9eDQcjmZy5.KJ.wQy.beJvf69KAFWjKV7unhgLIxub5bssmTH16,2026-07-09T12:01:39.941000,2025-08-08T09:38:58,active
6a4f8dca27261dbcc33a3fdd,vagdevi.kandala@sagarsoft.in,$2b$12$fdOeVMrLDdNBMLhYXYIFJ.2AtPW7jboTUQXVf5eyB64t9GvYZrXKa,2026-07-09T12:01:39.941000,2025-05-28T10:07:20,active
6a4f8dca27261dbcc33a3fe3,vamshi.vaddempudi@sagarsoft.in,$2b$12$y4sMKfyaCsioczKXHs.VxOADXsCrF6t8OpD/dsKTFZ1283ojFWNXy,2026-07-09T12:01:39.941000,2025-08-08T09:32:43,active
6a4f8dca27261dbcc33a3ff9,subhashini.bojja@sagarsoft.in,$2b$12$Ix8dTntbbf33uIBT09Myge0BdSxLok3vFNH/In6dbRpGt6fgA3lxa,2026-07-09T12:01:39.941000,2025-12-15T11:30:06,active
6a4f8dcb27261dbcc33a3fff,rithika.bethapuri@sagarsoft.in,$2b$12$rpFcEtpNYxc94OItNvtGieMZx3vbWDs3cRZm/HDIEJmtJji8T4eRW,2026-07-09T12:01:39.941000,2026-06-15T04:52:12,active
6a4f8dcb27261dbcc33a4001,pallavi.chennuru@sagarsoft.in,$2b$12$XwJW1JCtTyNrl.e8EEd9I.UP.cJMNgQO0YEB0NBKYAquSEQ0iZJN6,2026-07-09T12:01:39.941000,2025-11-26T11:12:33,active
6a4f8dcb27261dbcc33a4003,rakesh.sinha@sagarsoft.in,$2b$12$Q9YCL.16D5BuCWzFWvknxOorAXgu3AueDbq8Hsq4i.ZS9hcqxr1FS,2026-07-09T12:01:39.941000,2026-07-01T09:27:37,active
6a4f8dcc27261dbcc33a4005,vani.gunda@sagarsoft.in,$2b$12$0UHnWqEBjpjXbiC3glN/IOvP.GOM/6aZDkXKXaWyjesWU1qFyjDea,2026-07-09T12:01:39.941000,2025-07-16T05:29:42,active
6a4f8dcc27261dbcc33a4009,poshak.villuri@sagarsoft.in,$2b$12$MhMi6ZFzaufrobD.X7bUhe0ZwcuzGqU8l6nX3ndAM1lUItth7tg06,2026-07-09T12:01:39.941000,2026-06-15T13:06:43,active
6a4f8dcc27261dbcc33a4015,sathvik.pothumanchi@sagarsoft.in,$2b$12$LJU25jCsijyetQBaAzG/6OH7ISfolvgEthwrUIWqbfaowvqvePUIC,2026-07-09T12:01:39.941000,2025-08-11T11:25:16,active
6a4f8dcd27261dbcc33a4021,harish.shanmuganathan@sagarsoft.in,$2b$12$qRmwDh4lHD0gPRoKTv/10uR/LdLbuzPmjbl1yF1T3Z6PPcluodeTq,2026-07-09T12:01:39.941000,2026-07-02T08:57:05,active
6a4f8dcd27261dbcc33a4035,varun.reddy@sagarsoft.in,$2b$12$mCGMSujn1HKcvu6bogQuquICjdJbW7qOXVsDzGBDxEwA8FXcTs0RO,2026-07-09T12:01:39.941000,2026-02-10T10:46:25,active
6a4f8dcd27261dbcc33a4037,shiva.nirmal@sagarsoft.in,$2b$12$hipyw86AH7HjNpeye0SYqOYe3vWSC1T2iWovF7pUbSOETP1HAMGCW,2026-07-09T12:01:39.941000,2025-04-16T15:35:27,active
6a4f8dce27261dbcc33a4039,saiteja.bolla@sagarsoft.in,$2b$12$qSnc0GqQjRxQwzQvV3JZnuEHIJ90EfJMbSUJc.OhxK5AdbvduaNHe,2026-07-09T12:01:39.941000,2026-07-02T08:56:10,active
6a4f8dce27261dbcc33a403f,sahithi.pathakota@sagarsoft.in,$2b$12$4CKW81ZpiuS7jBq4mrQ71eR7KFuo5dTkNuW3yYlnX02vrqjTfemcS,2026-07-09T12:01:39.941000,2025-08-20T05:15:43,active
6a4f8dce27261dbcc33a4041,surender.lade@sagarsoft.in,$2b$12$Z3QZDo4HeWpmbQGY9xhujOSLUJh1BUfDjjKAMuHgbeuj0fCYggxa.,2026-07-09T12:01:39.941000,2025-08-20T05:15:16,active
6a4f8dcf27261dbcc33a4045,sandeep.mandapaka@sagarsoft.in,$2b$12$dHDyTmaJ3w1XgjLV4EibPuQToPGJkczVTBTNFgWCwrDidSGNPHUMi,2026-07-09T12:01:39.941000,2026-06-02T05:05:59,active
6a4f8dcf27261dbcc33a4049,prekshana.gaddam@sagarsoft.in,$2b$12$HmzohvcJKk4Yc9lpF/1MyuqqXfKaFIoj8ZCjRUz3qCY1FBzXY.LH.,2026-07-09T12:01:39.941000,2026-02-25T06:50:59,active
6a4f8dcf27261dbcc33a404b,koushik.madhavaram@sagarsoft.in,$2b$12$A5C3KgELa.Pj8SIS/2afRePh5xEQPfXjhsW4vcy0Lj3rJ6tafL9xe,2026-07-09T12:01:39.941000,2025-08-18T08:44:00,active
6a4f8dd027261dbcc33a404d,sumanth.sangam@sagarsoft.in,$2b$12$rvlHIg6AAFh4K7EOwSSO0uel1quJEzZKRxrxTPIOEg6vNzM.1HBne,2026-07-09T12:01:39.941000,2025-09-01T09:22:07,active
6a4f8dd027261dbcc33a404f,mahesh.allvar@sagarsoft.in,$2b$12$VwBBG1NL3UpxySSJr.Som.0JFReJ5Vce8cVhvWuL63pOzAUljcURe,2026-07-09T12:01:39.941000,2025-09-01T09:25:39,active
6a4f8dd027261dbcc33a4051,chennakesava.kadali@sagarsoft.in,$2b$12$OizcxEARaRt6aXquJTICE.mmcgainhLrq3qtP5dPMrSrHlvouBiXi,2026-07-09T12:01:39.941000,2025-09-10T05:43:31,active
6a4f8dd127261dbcc33a4055,abhishek.karn@sagarsoft.in,$2b$12$o/4g3LJVwtagMbIl75X71udVQO6zUPO94SRAMocvcvjm7QXsP8pw6,2026-07-09T12:01:39.941000,2025-10-21T07:37:06,active
6a4f8dd127261dbcc33a4059,ashwini.elati@sagarsoft.in,$2b$12$YN8brT4G4Y09w8sqWOluNeHu0x6h3Hhnahq3bv.hJa401WHMP50Ly,2026-07-09T12:01:39.941000,2025-10-06T06:38:14,active
6a4f8dd127261dbcc33a405b,aravind.bayyam@sagarsoft.in,$2b$12$VERdYFQ/iInI.Z8p20kwdOGFS94hnAHvZiCmAnxaO1VOr9LYiX1ay,2026-07-09T12:01:39.941000,2025-11-10T10:47:47,active
6a4f8dd127261dbcc33a405d,abhiram.bhagavathula@sagarsoft.in,$2b$12$CTcGpY4/7fQrxMDFnXlsxeyrBG6vkWsuH3cBfwuwMeKatoPPUnzKW,2026-07-09T12:01:39.941000,2025-10-21T07:35:30,active
6a4f8dd227261dbcc33a405f,sethunarayanan.valaparambil@sagarsoft.in,$2b$12$W5E/jBQr3ITfFKEm9L0dBer3pUvTj2cWRGpcwgFxxQ8GRc7opzDjy,2026-07-09T12:01:39.941000,2026-06-02T05:07:55,active
6a4f8dd227261dbcc33a4061,bhuvaneswari.kancherla@sagarsoft.in,$2b$12$9Mv/yjFi4yAruBW7BYjoZ.UmrcT4PY03Ma6PNFyOtar8On6oRrNlm,2026-07-09T12:01:39.941000,2025-10-29T06:32:45,active
6a4f8dd227261dbcc33a4063,durga.yalamarthi@sagarsoft.in,$2b$12$p.vjeSC9NenoRZCik24Qj.n0RYGiqwHymgqD26fzKUSkPgckPbHtO,2026-07-09T12:01:39.941000,2025-10-29T06:34:51,active
6a4f8dd327261dbcc33a4065,karthikeya.avirneni@sagarsoft.in,$2b$12$0BFNBcMya3tdEHkFqETdb.Oxd5LbpDBt2u6IJaNbSUqw1mpV5scMG,2026-07-09T12:01:39.941000,2025-11-12T06:25:52,active
6a4f8dd327261dbcc33a4069,anantha.guhan@sagarsoft.in,$2b$12$ISHqgr/hX1amOZd1erOIoOQZZYNjoson4/twh5p9AdGj5zQyIPeqG,2026-07-09T12:01:39.941000,2026-06-02T05:08:33,active
6a4f8dd327261dbcc33a406b,sapthasree.alla@sagarsoft.in,$2b$12$.D0e.LU13KYwrepDJhwWCufvAauDQzxZ624obdVqJmda40ONhFoQe,2026-07-09T12:01:39.941000,2025-12-02T06:24:32,active
6a4f8dd427261dbcc33a406d,aaqib.khan@sagarsoft.in,$2b$12$NK8S7ww/BjeRhrxNu3nUVOGXmTLaJFiCeYkK78H62PTwwvAEj5ARO,2026-07-09T12:01:39.941000,2026-06-29T10:20:19,active
6a4f8dd427261dbcc33a406f,kiran.kumble@sagarsoft.in,$2b$12$KcIo3QYBUPtjA0bcbCguXOuMPOMId0x1Z5t88iA2AFJC4.jKe5.dq,2026-07-09T12:01:39.941000,2026-01-22T12:35:48,active
6a4f8dd427261dbcc33a4071,ruthika.kukunarapu@sagarsoft.in,$2b$12$VvQHzWw0ye3g5NaCZfrC2uWSzNNQ3YSc7nKkyIURWW5CPCAeq7M3u,2026-07-09T12:01:39.941000,2026-02-02T08:44:14,active
6a4f8dd427261dbcc33a4073,harshavardhan.papagari@sagarsoft.in,$2b$12$kBEUx1q2vjkfyauKtEJ0me24mH5p8su4JRIrI0BaQKrldhbhLKvZu,2026-07-09T12:01:39.941000,2026-06-15T04:53:19,active
6a4f8dd527261dbcc33a4075,sharan.panwar@sagarsoft.in,$2b$12$/ljYZT6kXbS5NTCX54XlJuHZpi5hGCkuiF6BHrDX7cQ7k3xCg8r0O,2026-07-09T12:01:39.941000,2026-02-02T08:58:43,active
6a4f8dd527261dbcc33a4077,akhil.nandanavanam@sagarsoft.in,$2b$12$l/gn7blIUQpWpDeq.dFZ7.F3MjbWm0oChNqj4SgVVSODRMeHBrF1y,2026-07-09T12:01:39.941000,2026-02-05T09:24:02,active
6a4f8dd527261dbcc33a4079,manikanta.vankamalla@sagarsoft.in,$2b$12$V8CfynoDB8wrbt/yNHNBfuoiwHP0jeuCNZOttgw8ymV1ddGguYV.i,2026-07-09T12:01:39.941000,2026-02-18T14:13:25,active
6a4f8dd627261dbcc33a407d,apurva.jain@sagarsoft.in,$2b$12$vPX8Hf93oSRSfKo8x02jlueZLs.li74oVZseoAmhQAFtY8K6sdOfy,2026-07-09T12:01:39.941000,2026-03-04T12:47:42,active
6a4f8dd627261dbcc33a407f,srikanth.nethula@sagarsoft.in,$2b$12$mSkM1u7Dl13iWyT0Zszlv.cMVGk0iM2e1rp8TrnaH2BHYFhodP6Di,2026-07-09T12:01:39.941000,2026-06-01T13:01:52,active
6a6b98550351bde4a78ace90,rahuldudekula96@gmail.com,$2b$12$OS23gSVRJ5coymwwGLLy7.EGOAv4zh8ceYsVDCOQ41jyU3c6kICv.,2026-07-30T18:30:42.467000,2026-07-30T18:30:42.467000,active
6a6b98550351bde4a78ace96,rahulgupthawork@gmail.com,$2b$12$T958sZdt1yOYSFIezAB3wevFEP1uISaQKebESH1IUwAssfeO/aQ2S,2026-07-30T18:30:42.467000,2026-07-30T18:30:42.467000,active
6a6b98550351bde4a78ace9c,puthamythri02@gmail.com,$2b$12$VUcHUxcCOZ2npo/R2wQPi.jK2GU/3JLcxwmxfIIcXXfb5aoMSjI.O,2026-07-30T18:30:42.467000,2026-07-30T18:30:42.467000,active
6a6b98550351bde4a78acea0,mahitha.yellu@gmail.com,$2b$12$RAAWd2GmmjzioPQP.ks4W.2JUgByXjVyhz/nOIqx5Uu62nXLlHgQO,2026-07-30T18:30:42.467000,2026-07-30T18:30:42.467000,active
6a6b98560351bde4a78acea2,changalsaiharsha@gmail.com,$2b$12$qMlBvp5IULtdYD57vk.lyuXbXVTToH.dVXHpUOR3GNGV1y7xgQtTm,2026-07-30T18:30:42.467000,2026-07-30T18:30:42.467000,active
6a6b98560351bde4a78acea4,saibhaveshmandyam@gmail.com,$2b$12$D5sV8/Fxns2XBPRboPNS7uzFl2CZ6vrlOUNUeiTMj8DqAX.DhUh1.,2026-07-30T18:30:42.467000,2026-07-30T18:30:42.467000,active
6a6b98560351bde4a78aceb3,satishkushal0511@gmail.com,$2b$12$KJhVRfRcQQ3PakLSP9m9sup.9b2oJdyzITjWLkA2qXRIivfhAkJj6,2026-07-30T18:30:42.467000,2026-07-30T18:30:42.467000,active
6a6b98570351bde4a78aceb5,manoharreddy.m186@gmail.com,$2b$12$PuZQlC3THANekLuq6q/tQOUdLfIL0Xs.dOnTTy9GHBg/UmSJ8W5nK,2026-07-30T18:30:42.467000,2026-07-30T18:30:42.467000,active
6a6b98570351bde4a78aced0,kausiksai@outlook.com,$2b$12$nPCQs/I6yYw8gTahCzDVUOCBCqJC519938MoEl9u0oLCTdVKsAOC.,2026-07-30T18:30:42.467000,2026-07-30T18:30:42.467000,active
